USE SGFood;

INSERT INTO Cliente VALUES
('C001', 'Juan Pérez', 'Av. Central 123', 5551001, 'Regular'),
('C002', 'María López', 'Calle 45 #678', 5551002, 'Premium'),
('C003', 'Carlos Ramírez', 'Boulevard Sur 90', 5551003, 'Regular'),
('C004', 'Laura Torres', 'Colonia El Prado', 5551004, 'Regular'),
('C005', 'Pedro Castillo', 'Zona 10, Guatemala', 5551005, 'Premium'),
('C006', 'Lucía Morales', 'Zona 1, Quetzaltenango', 5551006, 'Regular'),
('C007', 'Diego Gómez', 'Zona 4, Mixco', 5551007, 'Regular'),
('C008', 'Ana Martínez', 'Km 12, Carretera al Salvador', 5551008, 'Premium'),
('C009', 'Jorge Méndez', 'Ciudad San Cristóbal', 5551009, 'Regular'),
('C010', 'Sofía Herrera', 'Zona 16, Guatemala', 5551010, 'Premium'),
('C011', 'Isabel Rivas', 'Zona 15, Vista Hermosa', 5551011, 'Regular'),
('C012', 'Luis Barrios', 'Zona 13, Aurora', 5551012, 'Premium'),
('C013', 'Carmen Soto', 'Zona 5, El Gallito', 5551013, 'Regular'),
('C014', 'Rafael Cifuentes', 'Colonia Santa Marta', 5551014, 'Regular'),
('C015', 'Verónica Salazar', 'Barrio Gerona', 5551015, 'Premium'),
('C016', 'David León', 'Zona 2, Guatemala', 5551016, 'Regular'),
('C017', 'Nancy Palencia', 'Zona 6, Guatemala', 5551017, 'Regular'),
('C018', 'Eduardo Díaz', 'Zona 9, Guatemala', 5551018, 'Premium'),
('C019', 'Karla Estrada', 'Santa Catarina Pinula', 5551019, 'Regular'),
('C020', 'Tomás López', 'Amatitlán, Guatemala', 5551020, 'Premium');


INSERT INTO Producto VALUES
('P001', 'Galletas de avena', 'Delicia', 'Snacks'),
('P002', 'Jugo de naranja', 'Naturalito', 'Bebidas'),
('P003', 'Cereal integral', 'Saludable', 'Desayuno'),
('P004', 'Agua pura', 'AguaMax', 'Bebidas'),
('P005', 'Leche entera', 'Vaquita', 'Lácteos'),
('P006', 'Pan integral', 'PanPan', 'Panadería'),
('P007', 'Queso fresco', 'Quesolandia', 'Lácteos'),
('P008', 'Chocolate amargo', 'ChocoRico', 'Dulces'),
('P009', 'Yogurt natural', 'YoguYogu', 'Lácteos'),
('P010', 'Refresco cola', 'Saborín', 'Bebidas'),
('P011', 'Empanadas de carne', 'SnackToGo', 'Snacks'),
('P012', 'Miel pura', 'Mielita', 'Endulzantes'),
('P013', 'Huevos grandes', 'GranjaFeliz', 'Huevos'),
('P014', 'Café molido', 'Café Tikal', 'Bebidas'),
('P015', 'Galletas chocolate', 'Delicia', 'Snacks'),
('P016', 'Té verde', 'NaturalZen', 'Bebidas'),
('P017', 'Cereal chocolate', 'Saludable', 'Desayuno'),
('P018', 'Barras de granola', 'PowerSnack', 'Snacks'),
('P019', 'Jamón de pavo', 'Fresco', 'Carnes'),
('P020', 'Atún en lata', 'PescaFácil', 'Enlatados');


INSERT INTO Proveedor VALUES
('PR001', 'Distribuciones Alimentos S.A.', 'Zona Industrial 1', 24440001, 'www.dasa.com'),
('PR002', 'Bebidas y Más', 'Km 10 Carretera Norte', 24440002, 'www.bym.com'),
('PR003', 'Quesos del Valle', 'Ruta Nacional 5', 24440003, 'www.qdv.com'),
('PR004', 'NaturalZen Import', 'Zona 12, Guatemala', 24440004, 'www.nzi.com'),
('PR005', 'Panadería San Juan', 'Zona 7, Guatemala', 24440005, 'www.panju.com'),
('PR006', 'Lácteos La Vaquita', 'Zona 2, Xela', 24440006, 'www.vaq.com'),
('PR007', 'SnackManía', 'Km 4.5 Mixco', 24440007, 'www.snack.com'),
('PR008', 'Chocolates Centroamérica', 'Zona 9', 24440008, 'www.chocca.com'),
('PR009', 'Distribuidora Fresco', 'Amatitlán', 24440009, 'www.fres.co'),
('PR010', 'Mieles de Oriente', 'Chiquimula', 24440010, 'www.mielor.com'),
('PR011', 'Huevos El Campo', 'Zacapa', 24440011, 'www.hec.com'),
('PR012', 'Granos y Café', 'Zona 10', 24440012, 'www.gcafe.com'),
('PR013', 'Pescados y Mariscos', 'Puerto San José', 24440013, 'www.pm.com'),
('PR014', 'Alimentos Premium', 'Zona 5', 24440014, 'www.ap.com'),
('PR015', 'NaturFresh', 'Santa Lucía', 24440015, 'www.natfr.com'),
('PR016', 'Verduras La Milpa', 'Mixco', 24440016, 'www.milpa.com'),
('PR017', 'Yogures del Lago', 'Panajachel', 24440017, 'www.ydl.com'),
('PR018', 'Carnes El Rancho', 'El Progreso', 24440018, 'www.cer.com'),
('PR019', 'Enlatados Pacífico', 'Escuintla', 24440019, 'www.enpac.com'),
('PR020', 'Super Distribuidora', 'Villa Nueva', 24440020, 'www.superd.com');


INSERT INTO Sucursal VALUES
('S001', 'Centro', 'Zona 1', 'Centro', 'Guatemala'),
('S002', 'Norte', 'Zona 18', 'Norte', 'Guatemala'),
('S003', 'Mixco', 'Naranjo', 'Occidente', 'Guatemala'),
('S004', 'San Cristóbal', 'Mixco', 'Occidente', 'Guatemala'),
('S005', 'Xela', 'Zona 3', 'Altiplano', 'Quetzaltenango'),
('S006', 'Antigua', 'Calle del Arco', 'Sur', 'Sacatepéquez'),
('S007', 'Amatitlán', 'Zona 1', 'Sur', 'Guatemala'),
('S008', 'Villa Nueva', 'Zona 4', 'Centro', 'Guatemala'),
('S009', 'Escuintla', 'Boulevard Principal', 'Costa Sur', 'Escuintla'),
('S010', 'Puerto Barrios', 'Zona 2', 'Caribe', 'Izabal'),
('S011', 'Huehuetenango', 'Zona 5', 'Altiplano', 'Huehuetenango'),
('S012', 'Cobán', 'Centro Histórico', 'Verapaces', 'Alta Verapaz'),
('S013', 'Jutiapa', 'Zona 2', 'Oriente', 'Jutiapa'),
('S014', 'Chiquimula', 'Avenida Central', 'Oriente', 'Chiquimula'),
('S015', 'Zacapa', 'Zona 1', 'Oriente', 'Zacapa'),
('S016', 'Totonicapán', 'Zona 2', 'Altiplano', 'Totonicapán'),
('S017', 'San Marcos', 'Zona 3', 'Altiplano', 'San Marcos'),
('S018', 'Jalapa', 'Zona 4', 'Oriente', 'Jalapa'),
('S019', 'Santa Rosa', 'Barrio El Centro', 'Suroriente', 'Santa Rosa'),
('S020', 'Salamá', 'Centro Histórico', 'Verapaces', 'Baja Verapaz');


INSERT INTO Vendedor VALUES
('V001', 'Luis Hernández', 0),
('V002', 'Ana Castillo', 1),
('V003', 'José Ramírez', 0),
('V004', 'Beatriz Ruiz', 1),
('V005', 'Carlos Álvarez', 0),
('V006', 'Sofía Morales', 0),
('V007', 'Julio Díaz', 1),
('V008', 'Teresa Méndez', 0),
('V009', 'Oscar Herrera', 1),
('V010', 'María del Rosario', 0),
('V011', 'Rosa López', 1),
('V012', 'Eduardo Monzón', 0),
('V013', 'Nancy López', 0),
('V014', 'Raúl Lemus', 1),
('V015', 'Gloria Castañeda', 0),
('V016', 'Marco Arriola', 1),
('V017', 'Sara Villatoro', 0),
('V018', 'Daniel Guerra', 1),
('V019', 'Mónica Ramírez', 0),
('V020', 'Felipe Torres', 1);


INSERT INTO Compra VALUES
('2025-01-01', 100, 2.50, 'PR001', 'P001', 'S001'),
('2025-01-02', 200, 1.50, 'PR002', 'P002', 'S002'),
('2025-01-03', 150, 3.00, 'PR003', 'P003', 'S003'),
('2025-01-04', 100, 0.75, 'PR004', 'P004', 'S004'),
('2025-01-05', 200, 1.00, 'PR005', 'P005', 'S005'),
('2025-01-06', 300, 2.25, 'PR006', 'P006', 'S006'),
('2025-01-07', 150, 3.10, 'PR007', 'P007', 'S007'),
('2025-01-08', 120, 2.80, 'PR008', 'P008', 'S008'),
('2025-01-09', 180, 2.60, 'PR009', 'P009', 'S009'),
('2025-01-10', 100, 1.20, 'PR010', 'P010', 'S010'),
('2025-01-11', 130, 1.75, 'PR011', 'P011', 'S011'),
('2025-01-12', 160, 3.40, 'PR012', 'P012', 'S012'),
('2025-01-13', 190, 2.90, 'PR013', 'P013', 'S013'),
('2025-01-14', 210, 1.90, 'PR014', 'P014', 'S014'),
('2025-01-15', 170, 2.10, 'PR015', 'P015', 'S015'),
('2025-01-16', 150, 1.60, 'PR016', 'P016', 'S016'),
('2025-01-17', 180, 2.30, 'PR017', 'P017', 'S017'),
('2025-01-18', 160, 3.50, 'PR018', 'P018', 'S018'),
('2025-01-19', 190, 4.00, 'PR019', 'P019', 'S019'),
('2025-01-20', 200, 3.75, 'PR020', 'P020', 'S020');


INSERT INTO Venta VALUES
('2025-02-01', 5, 4.50, 'C001', 'V001', 'P001', 'S001'),
('2025-02-02', 10, 3.50, 'C002', 'V002', 'P002', 'S002'),
('2025-02-03', 8, 5.20, 'C003', 'V003', 'P003', 'S003'),
('2025-02-04', 7, 2.00, 'C004', 'V004', 'P004', 'S004'),
('2025-02-05', 9, 2.50, 'C005', 'V005', 'P005', 'S005'),
('2025-02-06', 6, 3.80, 'C006', 'V006', 'P006', 'S006'),
('2025-02-07', 12, 4.10, 'C007', 'V007', 'P007', 'S007'),
('2025-02-08', 11, 4.00, 'C008', 'V008', 'P008', 'S008'),
('2025-02-09', 15, 3.60, 'C009', 'V009', 'P009', 'S009'),
('2025-02-10', 13, 2.20, 'C010', 'V010', 'P010', 'S010'),
('2025-02-11', 9, 2.80, 'C011', 'V011', 'P011', 'S011'),
('2025-02-12', 10, 5.00, 'C012', 'V012', 'P012', 'S012'),
('2025-02-13', 14, 4.50, 'C013', 'V013', 'P013', 'S013'),
('2025-02-14', 7, 3.20, 'C014', 'V014', 'P014', 'S014'),
('2025-02-15', 8, 3.60, 'C015', 'V015', 'P015', 'S015'),
('2025-02-16', 6, 2.90, 'C016', 'V016', 'P016', 'S016'),
('2025-02-17', 13, 4.40, 'C017', 'V017', 'P017', 'S017'),
('2025-02-18', 10, 5.50, 'C018', 'V018', 'P018', 'S018'),
('2025-02-19', 9, 6.00, 'C019', 'V019', 'P019', 'S019'),
('2025-02-20', 11, 5.75, 'C020', 'V020', 'P020', 'S020');


SELECT * FROM Venta;
